,ID,Updated,Confirmed,ConfirmedChange,Deaths,DeathsChange,Recovered,RecoveredChange,Latitude,Longitude,ISO2,ISO3,Country_Region,AdminRegion1,AdminRegion2
38043,7159381,02/26/2020,1,,0.0,,,,-10.7768,-53.06805,BR,BRA,Brazil,,
38044,340690,02/27/2020,1,0.0,0.0,0.0,,,-10.7768,-53.06805,BR,BRA,Brazil,,
38045,340691,02/28/2020,1,0.0,0.0,0.0,,,-10.7768,-53.06805,BR,BRA,Brazil,,
38046,7159385,02/29/2020,2,1.0,0.0,0.0,,,-10.7768,-53.06805,BR,BRA,Brazil,,
38047,340693,03/01/2020,2,0.0,0.0,0.0,,,-10.7768,-53.06805,BR,BRA,Brazil,,
38048,340694,03/02/2020,2,0.0,0.0,0.0,,,-10.7768,-53.06805,BR,BRA,Brazil,,
38049,340695,03/03/2020,2,0.0,0.0,0.0,,,-10.7768,-53.06805,BR,BRA,Brazil,,
38050,7159391,03/04/2020,4,2.0,0.0,0.0,,,-10.7768,-53.06805,BR,BRA,Brazil,,
38051,7159396,03/05/2020,8,4.0,0.0,0.0,,,-10.7768,-53.06805,BR,BRA,Brazil,,
38052,7159399,03/06/2020,14,6.0,0.0,0.0,0.0,,-10.7768,-53.06805,BR,BRA,Brazil,,
38053,7159403,03/07/2020,19,5.0,0.0,0.0,0.0,0.0,-10.7768,-53.06805,BR,BRA,Brazil,,
38054,7159442,03/08/2020,25,6.0,0.0,0.0,0.0,0.0,-10.7768,-53.06805,BR,BRA,Brazil,,
38055,7159445,03/09/2020,30,5.0,0.0,0.0,0.0,0.0,-10.7768,-53.06805,BR,BRA,Brazil,,
38056,7159449,03/10/2020,34,4.0,0.0,0.0,0.0,0.0,-10.7768,-53.06805,BR,BRA,Brazil,,
38057,7159453,03/11/2020,52,18.0,0.0,0.0,0.0,0.0,-10.7768,-53.06805,BR,BRA,Brazil,,
38058,7159459,03/12/2020,76,24.0,0.0,0.0,1.0,1.0,-10.7768,-53.06805,BR,BRA,Brazil,,
38059,7159465,03/13/2020,98,22.0,0.0,0.0,0.0,-1.0,-10.7768,-53.06805,BR,BRA,Brazil,,
38060,7159470,03/14/2020,121,23.0,0.0,0.0,0.0,0.0,-10.7768,-53.06805,BR,BRA,Brazil,,
38061,7159476,03/15/2020,200,79.0,0.0,0.0,1.0,1.0,-10.7768,-53.06805,BR,BRA,Brazil,,
38062,7159480,03/16/2020,234,34.0,0.0,0.0,2.0,1.0,-10.7768,-53.06805,BR,BRA,Brazil,,
38063,7159485,03/17/2020,291,57.0,1.0,1.0,2.0,0.0,-10.7768,-53.06805,BR,BRA,Brazil,,
38064,7159491,03/18/2020,428,137.0,4.0,3.0,2.0,0.0,-10.7768,-53.06805,BR,BRA,Brazil,,
38065,7159497,03/19/2020,621,193.0,7.0,3.0,2.0,0.0,-10.7768,-53.06805,BR,BRA,Brazil,,
38066,7159502,03/20/2020,964,343.0,11.0,4.0,2.0,0.0,-10.7768,-53.06805,BR,BRA,Brazil,,
38067,7159507,03/21/2020,1178,214.0,18.0,7.0,2.0,0.0,-10.7768,-53.06805,BR,BRA,Brazil,,
38068,7159512,03/22/2020,1546,368.0,25.0,7.0,2.0,0.0,-10.7768,-53.06805,BR,BRA,Brazil,,
38069,7159518,03/23/2020,1891,345.0,34.0,9.0,2.0,0.0,-10.7768,-53.06805,BR,BRA,Brazil,,
38070,7159521,03/24/2020,2201,310.0,46.0,12.0,2.0,0.0,-10.7768,-53.06805,BR,BRA,Brazil,,
38071,7159525,03/25/2020,2433,232.0,57.0,11.0,6.0,4.0,-10.7768,-53.06805,BR,BRA,Brazil,,
38072,7159530,03/26/2020,2915,482.0,77.0,20.0,6.0,0.0,-10.7768,-53.06805,BR,BRA,Brazil,,
38073,7159533,03/27/2020,3417,502.0,92.0,15.0,6.0,0.0,-10.7768,-53.06805,BR,BRA,Brazil,,
38074,7159537,03/28/2020,3904,487.0,114.0,22.0,6.0,0.0,-10.7768,-53.06805,BR,BRA,Brazil,,
38075,7159542,03/29/2020,4256,352.0,136.0,22.0,6.0,0.0,-10.7768,-53.06805,BR,BRA,Brazil,,
38076,7159547,03/30/2020,4579,323.0,159.0,23.0,120.0,114.0,-10.7768,-53.06805,BR,BRA,Brazil,,
38077,7159551,03/31/2020,5717,1138.0,201.0,42.0,127.0,7.0,-10.7768,-53.06805,BR,BRA,Brazil,,
38078,7159597,04/01/2020,6836,1119.0,240.0,39.0,127.0,0.0,-10.7768,-53.06805,BR,BRA,Brazil,,
38079,7159601,04/02/2020,7910,1074.0,299.0,59.0,127.0,0.0,-10.7768,-53.06805,BR,BRA,Brazil,,
38080,7159606,04/03/2020,9056,1146.0,359.0,60.0,127.0,0.0,-10.7768,-53.06805,BR,BRA,Brazil,,
38081,7159611,04/04/2020,10278,1222.0,431.0,72.0,127.0,0.0,-10.7768,-53.06805,BR,BRA,Brazil,,
38082,7159617,04/05/2020,11130,852.0,486.0,55.0,127.0,0.0,-10.7768,-53.06805,BR,BRA,Brazil,,
38083,7159622,04/06/2020,12056,926.0,553.0,67.0,127.0,0.0,-10.7768,-53.06805,BR,BRA,Brazil,,
38084,7159626,04/07/2020,13717,1661.0,667.0,114.0,127.0,0.0,-10.7768,-53.06805,BR,BRA,Brazil,,
38085,7159631,04/08/2020,15927,2210.0,800.0,133.0,127.0,0.0,-10.7768,-53.06805,BR,BRA,Brazil,,
38086,7159636,04/09/2020,17857,1930.0,941.0,141.0,173.0,46.0,-10.7768,-53.06805,BR,BRA,Brazil,,
38087,7159642,04/10/2020,19638,1781.0,1056.0,115.0,173.0,0.0,-10.7768,-53.06805,BR,BRA,Brazil,,
38088,7159646,04/11/2020,20727,1089.0,1124.0,68.0,,,-10.7768,-53.06805,BR,BRA,Brazil,,
38089,7159650,04/12/2020,22169,1442.0,1223.0,99.0,,,-10.7768,-53.06805,BR,BRA,Brazil,,
38090,7159655,04/13/2020,23430,1261.0,1328.0,105.0,,,-10.7768,-53.06805,BR,BRA,Brazil,,
38091,7159657,04/14/2020,25262,1832.0,1532.0,204.0,14026.0,,-10.7768,-53.06805,BR,BRA,Brazil,,
38092,7159659,04/15/2020,28320,3058.0,1736.0,204.0,14026.0,0.0,-10.7768,-53.06805,BR,BRA,Brazil,,
38093,7159661,04/16/2020,30425,2105.0,1924.0,188.0,14026.0,0.0,-10.7768,-53.06805,BR,BRA,Brazil,,
38094,7159663,04/17/2020,33682,3257.0,2141.0,217.0,14026.0,0.0,-10.7768,-53.06805,BR,BRA,Brazil,,
38095,7159664,04/18/2020,36599,2917.0,2347.0,206.0,14026.0,0.0,-10.7768,-53.06805,BR,BRA,Brazil,,
38096,7159666,04/19/2020,38654,2055.0,2462.0,115.0,14026.0,0.0,-10.7768,-53.06805,BR,BRA,Brazil,,
38097,7159667,04/20/2020,40581,1927.0,2575.0,113.0,14026.0,0.0,-10.7768,-53.06805,BR,BRA,Brazil,,
38098,7159670,04/21/2020,43079,2498.0,2741.0,166.0,22991.0,8965.0,-10.7768,-53.06805,BR,BRA,Brazil,,
38099,7159672,04/22/2020,45757,2678.0,2906.0,165.0,24325.0,1334.0,-10.7768,-53.06805,BR,BRA,Brazil,,
38100,7448278,04/23/2020,49492,3735.0,3313.0,407.0,25318.0,993.0,-10.7768,-53.06805,BR,BRA,Brazil,,
38101,7944259,04/24/2020,52995,3503.0,3670.0,357.0,26573.0,1255.0,-10.7768,-53.06805,BR,BRA,Brazil,,
38102,8394846,04/25/2020,58509,5514.0,4016.0,346.0,27655.0,1082.0,-10.7768,-53.06805,BR,BRA,Brazil,,
38103,8884984,04/26/2020,61888,3379.0,4205.0,189.0,30152.0,2497.0,-10.7768,-53.06805,BR,BRA,Brazil,,
38104,9362683,04/27/2020,66501,4613.0,4543.0,338.0,30152.0,0.0,-10.7768,-53.06805,BR,BRA,Brazil,,
38105,9362684,04/28/2020,71886,5385.0,5017.0,474.0,31142.0,990.0,-10.7768,-53.06805,BR,BRA,Brazil,,
38106,9362685,04/29/2020,78162,6276.0,5466.0,449.0,34132.0,2990.0,-10.7768,-53.06805,BR,BRA,Brazil,,
38107,9362687,04/30/2020,85380,7218.0,5901.0,435.0,35935.0,1803.0,-10.7768,-53.06805,BR,BRA,Brazil,,
38108,9362688,05/01/2020,91589,6209.0,6329.0,428.0,38039.0,2104.0,-10.7768,-53.06805,BR,BRA,Brazil,,
38109,9362689,05/02/2020,96559,4970.0,6750.0,421.0,40973.0,2934.0,-10.7768,-53.06805,BR,BRA,Brazil,,
38110,9362690,05/03/2020,101147,4588.0,7025.0,275.0,30152.0,-10821.0,-10.7768,-53.06805,BR,BRA,Brazil,,
38111,12659543,05/04/2020,107780,6633.0,7321.0,296.0,45815.0,15663.0,-10.7768,-53.06805,BR,BRA,Brazil,,
38112,12728065,05/05/2020,114715,6935.0,7921.0,600.0,45815.0,0.0,-10.7768,-53.06805,BR,BRA,Brazil,,
38113,13187995,05/06/2020,125218,10503.0,8536.0,615.0,48221.0,2406.0,-10.7768,-53.06805,BR,BRA,Brazil,,
38114,13993566,05/07/2020,135106,9888.0,9146.0,610.0,51370.0,3149.0,-10.7768,-53.06805,BR,BRA,Brazil,,
38115,14078341,05/08/2020,145328,10222.0,9897.0,751.0,55350.0,3980.0,-10.7768,-53.06805,BR,BRA,Brazil,,
38116,14622352,05/09/2020,155939,10611.0,10627.0,730.0,61685.0,6335.0,-10.7768,-53.06805,BR,BRA,Brazil,,
38117,15193731,05/10/2020,162699,6760.0,11123.0,496.0,51370.0,-10315.0,-10.7768,-53.06805,BR,BRA,Brazil,,
38118,15762796,05/11/2020,168331,5632.0,11519.0,396.0,69232.0,17862.0,-10.7768,-53.06805,BR,BRA,Brazil,,
38119,15762797,05/12/2020,178214,9883.0,12461.0,942.0,72597.0,3365.0,-10.7768,-53.06805,BR,BRA,Brazil,,
38120,16418077,05/13/2020,188974,10760.0,13149.0,688.0,78424.0,5827.0,-10.7768,-53.06805,BR,BRA,Brazil,,
38121,17046146,05/14/2020,202918,13944.0,13993.0,844.0,79479.0,1055.0,-10.7768,-53.06805,BR,BRA,Brazil,,
38122,17046148,05/15/2020,218223,15305.0,14817.0,824.0,84970.0,5491.0,-10.7768,-53.06805,BR,BRA,Brazil,,
38123,17584666,05/16/2020,233142,14919.0,15633.0,816.0,89672.0,4702.0,-10.7768,-53.06805,BR,BRA,Brazil,,
38124,18274498,05/17/2020,241080,7938.0,16118.0,485.0,94122.0,4450.0,-10.7768,-53.06805,BR,BRA,Brazil,,
38125,18678066,05/18/2020,254220,13140.0,16792.0,674.0,100459.0,6337.0,-10.7768,-53.06805,BR,BRA,Brazil,,
38126,19054897,05/19/2020,271628,17408.0,17971.0,1179.0,106794.0,6335.0,-10.7768,-53.06805,BR,BRA,Brazil,,
38127,19494645,05/20/2020,291579,19951.0,18859.0,888.0,116683.0,9889.0,-10.7768,-53.06805,BR,BRA,Brazil,,
38128,20097977,05/21/2020,310087,18508.0,20047.0,1188.0,125960.0,9277.0,-10.7768,-53.06805,BR,BRA,Brazil,,
38129,20683003,05/22/2020,330890,20803.0,21048.0,1001.0,135430.0,9470.0,-10.7768,-53.06805,BR,BRA,Brazil,,
38130,20683005,05/23/2020,347398,16508.0,22013.0,965.0,142587.0,7157.0,-10.7768,-53.06805,BR,BRA,Brazil,,
38131,21787442,05/24/2020,363211,15813.0,22666.0,653.0,149911.0,7324.0,-10.7768,-53.06805,BR,BRA,Brazil,,
38132,21787443,05/25/2020,374898,11687.0,23473.0,807.0,153833.0,3922.0,-10.7768,-53.06805,BR,BRA,Brazil,,
38133,22364333,05/26/2020,391222,16324.0,24512.0,1039.0,158593.0,4760.0,-10.7768,-53.06805,BR,BRA,Brazil,,
38134,23434853,05/27/2020,411821,20599.0,25598.0,1086.0,166647.0,8054.0,-10.7768,-53.06805,BR,BRA,Brazil,,
38135,23463348,05/28/2020,438238,26417.0,26754.0,1156.0,193181.0,26534.0,-10.7768,-53.06805,BR,BRA,Brazil,,
38136,24049750,05/29/2020,465166,26928.0,27878.0,1124.0,189476.0,-3705.0,-10.7768,-53.06805,BR,BRA,Brazil,,
38137,24559108,05/30/2020,498440,33274.0,28834.0,956.0,200892.0,11416.0,-10.7768,-53.06805,BR,BRA,Brazil,,
38138,25137003,05/31/2020,514849,16409.0,29314.0,480.0,206555.0,5663.0,-10.7768,-53.06805,BR,BRA,Brazil,,
38139,25634595,06/01/2020,526447,11598.0,29937.0,623.0,211080.0,4525.0,-10.7768,-53.06805,BR,BRA,Brazil,,
38140,26265580,06/02/2020,555383,28936.0,31199.0,1262.0,240627.0,29547.0,-10.7768,-53.06805,BR,BRA,Brazil,,
38141,26814078,06/03/2020,584016,28633.0,32548.0,1349.0,223638.0,-16989.0,-10.7768,-53.06805,BR,BRA,Brazil,,
38142,27247992,06/04/2020,614941,30925.0,34021.0,1473.0,253570.0,29932.0,-10.7768,-53.06805,BR,BRA,Brazil,,
38143,28310064,06/05/2020,645771,30830.0,35026.0,1005.0,254963.0,1393.0,-10.7768,-53.06805,BR,BRA,Brazil,,
38144,28310066,06/06/2020,672846,27075.0,35930.0,904.0,302084.0,47121.0,-10.7768,-53.06805,BR,BRA,Brazil,,
38145,29054059,06/07/2020,691758,18912.0,36455.0,525.0,302084.0,0.0,-10.7768,-53.06805,BR,BRA,Brazil,,
38146,29853384,06/08/2020,707412,15654.0,37134.0,679.0,265172.0,-36912.0,-10.7768,-53.06805,BR,BRA,Brazil,,
38147,30328336,06/09/2020,739503,32091.0,38406.0,1272.0,325602.0,60430.0,-10.7768,-53.06805,BR,BRA,Brazil,,
38148,30597817,06/10/2020,772416,32913.0,39680.0,1274.0,325395.0,-207.0,-10.7768,-53.06805,BR,BRA,Brazil,,
38149,31218843,06/11/2020,802828,30412.0,40919.0,1239.0,325395.0,0.0,-10.7768,-53.06805,BR,BRA,Brazil,,
38150,31773654,06/12/2020,828810,25982.0,41828.0,909.0,396692.0,71297.0,-10.7768,-53.06805,BR,BRA,Brazil,,
38151,32351147,06/13/2020,850514,21704.0,42720.0,892.0,427610.0,30918.0,-10.7768,-53.06805,BR,BRA,Brazil,,
38152,32678627,06/14/2020,867624,17110.0,43332.0,612.0,388492.0,-39118.0,-10.7768,-53.06805,BR,BRA,Brazil,,
38153,33208926,06/15/2020,888271,20647.0,43959.0,627.0,412252.0,23760.0,-10.7768,-53.06805,BR,BRA,Brazil,,
38154,34394265,06/16/2020,923189,34918.0,45241.0,1282.0,441729.0,29477.0,-10.7768,-53.06805,BR,BRA,Brazil,,
38155,34910750,06/17/2020,955377,32188.0,46510.0,1269.0,477364.0,35635.0,-10.7768,-53.06805,BR,BRA,Brazil,,
38156,35447475,06/18/2020,978142,22765.0,47748.0,1238.0,503507.0,26143.0,-10.7768,-53.06805,BR,BRA,Brazil,,
38157,35447478,06/19/2020,1032913,54771.0,48954.0,1206.0,520360.0,16853.0,-10.7768,-53.06805,BR,BRA,Brazil,,
38158,36228386,06/20/2020,1067579,34666.0,49976.0,1022.0,507200.0,-13160.0,-10.7768,-53.06805,BR,BRA,Brazil,,
38159,36903744,06/21/2020,1085038,17459.0,50617.0,641.0,543186.0,35986.0,-10.7768,-53.06805,BR,BRA,Brazil,,
38160,37524133,06/22/2020,1106470,21432.0,51271.0,654.0,571649.0,28463.0,-10.7768,-53.06805,BR,BRA,Brazil,,
38161,38504820,06/23/2020,1145906,39436.0,52645.0,1374.0,613345.0,41696.0,-10.7768,-53.06805,BR,BRA,Brazil,,
38162,38504824,06/24/2020,1188631,42725.0,53830.0,1185.0,649908.0,36563.0,-10.7768,-53.06805,BR,BRA,Brazil,,
38163,39170643,06/25/2020,1228114,39483.0,54971.0,1141.0,649908.0,0.0,-10.7768,-53.06805,BR,BRA,Brazil,,
38164,39314820,06/26/2020,1274974,46860.0,55961.0,990.0,697526.0,47618.0,-10.7768,-53.06805,BR,BRA,Brazil,,
38165,39314821,06/27/2020,1313667,38693.0,57070.0,1109.0,715905.0,18379.0,-10.7768,-53.06805,BR,BRA,Brazil,,
38166,39314822,06/28/2020,1344143,30476.0,57622.0,552.0,715905.0,0.0,-10.7768,-53.06805,BR,BRA,Brazil,,
38167,40242806,06/29/2020,1368195,24052.0,58314.0,692.0,733848.0,17943.0,-10.7768,-53.06805,BR,BRA,Brazil,,
38168,40737646,06/30/2020,1402041,33846.0,59594.0,1280.0,790040.0,56192.0,-10.7768,-53.06805,BR,BRA,Brazil,,
38169,41169351,07/01/2020,1448753,46712.0,60632.0,1038.0,826866.0,36826.0,-10.7768,-53.06805,BR,BRA,Brazil,,
38170,41480201,07/02/2020,1496858,48105.0,61884.0,1252.0,826866.0,0.0,-10.7768,-53.06805,BR,BRA,Brazil,,
38171,41787494,07/03/2020,1539081,42223.0,63174.0,1290.0,916147.0,89281.0,-10.7768,-53.06805,BR,BRA,Brazil,,
38172,42108355,07/04/2020,1577004,37923.0,64265.0,1091.0,978615.0,62468.0,-10.7768,-53.06805,BR,BRA,Brazil,,
38173,42415686,07/05/2020,1603055,26051.0,64867.0,602.0,978615.0,0.0,-10.7768,-53.06805,BR,BRA,Brazil,,
38174,42709621,07/06/2020,1623284,20229.0,65487.0,620.0,978615.0,0.0,-10.7768,-53.06805,BR,BRA,Brazil,,
38175,43013057,07/07/2020,1668589,45305.0,66741.0,1254.0,1072229.0,93614.0,-10.7768,-53.06805,BR,BRA,Brazil,,
38176,43460935,07/08/2020,1713160,44571.0,67964.0,1223.0,1117922.0,45693.0,-10.7768,-53.06805,BR,BRA,Brazil,,
38177,43832489,07/09/2020,1755779,42619.0,69184.0,1220.0,1152467.0,34545.0,-10.7768,-53.06805,BR,BRA,Brazil,,
38178,44220755,07/10/2020,1800827,45048.0,70398.0,1214.0,1185596.0,33129.0,-10.7768,-53.06805,BR,BRA,Brazil,,
38179,44565676,07/11/2020,1839850,39023.0,71469.0,1071.0,1213512.0,27916.0,-10.7768,-53.06805,BR,BRA,Brazil,,
38180,44928138,07/12/2020,1864681,24831.0,72100.0,631.0,1213512.0,0.0,-10.7768,-53.06805,BR,BRA,Brazil,,
38181,45254718,07/13/2020,1884967,20286.0,72833.0,733.0,1213512.0,0.0,-10.7768,-53.06805,BR,BRA,Brazil,,
38182,45550885,07/14/2020,1926824,41857.0,74133.0,1300.0,1213512.0,0.0,-10.7768,-53.06805,BR,BRA,Brazil,,
38183,45880812,07/15/2020,1966748,39924.0,75366.0,1233.0,1213512.0,0.0,-10.7768,-53.06805,BR,BRA,Brazil,,
38184,46228043,07/16/2020,2012151,45403.0,76688.0,1322.0,1366775.0,153263.0,-10.7768,-53.06805,BR,BRA,Brazil,,
38185,46537591,07/17/2020,2046328,34177.0,77851.0,1163.0,1366775.0,0.0,-10.7768,-53.06805,BR,BRA,Brazil,,
38186,46880088,07/18/2020,2074860,28532.0,78772.0,921.0,1366775.0,0.0,-10.7768,-53.06805,BR,BRA,Brazil,,
38187,47230901,07/19/2020,2098389,23529.0,79488.0,716.0,1371229.0,4454.0,-10.7768,-53.06805,BR,BRA,Brazil,,
38188,47531215,07/20/2020,2118646,20257.0,80120.0,632.0,1409202.0,37973.0,-10.7768,-53.06805,BR,BRA,Brazil,,
38189,47872943,07/21/2020,2159654,41008.0,81487.0,1367.0,1409202.0,0.0,-10.7768,-53.06805,BR,BRA,Brazil,,
38190,48199503,07/22/2020,2227514,67860.0,82771.0,1284.0,1465970.0,56768.0,-10.7768,-53.06805,BR,BRA,Brazil,,
38191,48549017,07/23/2020,2287475,59961.0,84082.0,1311.0,1570237.0,104267.0,-10.7768,-53.06805,BR,BRA,Brazil,,
38192,48849108,07/24/2020,2343366,55891.0,85238.0,1156.0,1592281.0,22044.0,-10.7768,-53.06805,BR,BRA,Brazil,,
38193,49158845,07/25/2020,2394513,51147.0,86449.0,1211.0,1617480.0,25199.0,-10.7768,-53.06805,BR,BRA,Brazil,,
38194,49473671,07/26/2020,2419091,24578.0,87004.0,555.0,1634274.0,16794.0,-10.7768,-53.06805,BR,BRA,Brazil,,
38195,49806073,07/27/2020,2442375,23284.0,87618.0,614.0,1667667.0,33393.0,-10.7768,-53.06805,BR,BRA,Brazil,,
38196,50098657,07/28/2020,2483191,40816.0,88539.0,921.0,1721560.0,53893.0,-10.7768,-53.06805,BR,BRA,Brazil,,
38197,50392534,07/29/2020,2552265,69074.0,90134.0,1595.0,1787419.0,65859.0,-10.7768,-53.06805,BR,BRA,Brazil,,
38198,50700757,07/30/2020,2610102,57837.0,91263.0,1129.0,1787419.0,0.0,-10.7768,-53.06805,BR,BRA,Brazil,,
38199,51032062,07/31/2020,2662485,52383.0,92475.0,1212.0,1884051.0,96632.0,-10.7768,-53.06805,BR,BRA,Brazil,,
38200,51372327,08/01/2020,2707877,45392.0,93563.0,1088.0,1884051.0,0.0,-10.7768,-53.06805,BR,BRA,Brazil,,
38201,51685990,08/02/2020,2733677,25800.0,94104.0,541.0,1884051.0,0.0,-10.7768,-53.06805,BR,BRA,Brazil,,
38202,52011234,08/03/2020,2750318,16641.0,94665.0,561.0,1912319.0,28268.0,-10.7768,-53.06805,BR,BRA,Brazil,,
38203,52327330,08/04/2020,2801921,51603.0,95819.0,1154.0,1970767.0,58448.0,-10.7768,-53.06805,BR,BRA,Brazil,,
38204,52664313,08/05/2020,2857597,55676.0,97240.0,1421.0,2020637.0,49870.0,-10.7768,-53.06805,BR,BRA,Brazil,,
38205,52959368,08/06/2020,2912212,54615.0,98493.0,1253.0,2047660.0,27023.0,-10.7768,-53.06805,BR,BRA,Brazil,,
38206,53277590,08/07/2020,2962442,50230.0,99572.0,1079.0,2068394.0,20734.0,-10.7768,-53.06805,BR,BRA,Brazil,,
38207,53600521,08/08/2020,3012412,49970.0,100477.0,905.0,2094293.0,25899.0,-10.7768,-53.06805,BR,BRA,Brazil,,
38208,53941932,08/09/2020,3035422,23010.0,101049.0,572.0,2118460.0,24167.0,-10.7768,-53.06805,BR,BRA,Brazil,,
38209,54287349,08/10/2020,3057470,22048.0,101752.0,703.0,2163812.0,45352.0,-10.7768,-53.06805,BR,BRA,Brazil,,
38210,54599774,08/11/2020,3109630,52160.0,103026.0,1274.0,2243124.0,79312.0,-10.7768,-53.06805,BR,BRA,Brazil,,
38211,54942856,08/12/2020,3164785,55155.0,104201.0,1175.0,2309477.0,66353.0,-10.7768,-53.06805,BR,BRA,Brazil,,
38212,55253742,08/13/2020,3224876,60091.0,105463.0,1262.0,2309477.0,0.0,-10.7768,-53.06805,BR,BRA,Brazil,,
38213,55573262,08/14/2020,3275520,50644.0,106523.0,1060.0,2356640.0,47163.0,-10.7768,-53.06805,BR,BRA,Brazil,,
38214,55898854,08/15/2020,3317096,41576.0,107232.0,709.0,2404272.0,47632.0,-10.7768,-53.06805,BR,BRA,Brazil,,
38215,56229193,08/16/2020,3340197,23101.0,107852.0,620.0,2432456.0,28184.0,-10.7768,-53.06805,BR,BRA,Brazil,,
38216,56562960,08/17/2020,3359570,19373.0,108536.0,684.0,2478494.0,46038.0,-10.7768,-53.06805,BR,BRA,Brazil,,
38217,56879122,08/18/2020,3407354,47784.0,109888.0,1352.0,2554179.0,75685.0,-10.7768,-53.06805,BR,BRA,Brazil,,
38218,56879125,08/19/2020,3456652,49298.0,111100.0,1212.0,2615254.0,61075.0,-10.7768,-53.06805,BR,BRA,Brazil,,
38219,56879127,08/20/2020,3501975,45323.0,112304.0,1204.0,2653407.0,38153.0,-10.7768,-53.06805,BR,BRA,Brazil,,
38220,57884172,08/21/2020,3532330,30355.0,113358.0,1054.0,2670755.0,17348.0,-10.7768,-53.06805,BR,BRA,Brazil,,
38221,58184650,08/22/2020,3582362,50032.0,114250.0,892.0,2670755.0,0.0,-10.7768,-53.06805,BR,BRA,Brazil,,
38222,58477921,08/23/2020,3605783,23421.0,114744.0,494.0,2739035.0,68280.0,-10.7768,-53.06805,BR,BRA,Brazil,,
38223,58769425,08/24/2020,3622861,17078.0,115309.0,565.0,2739035.0,0.0,-10.7768,-53.06805,BR,BRA,Brazil,,
38224,59063064,08/25/2020,3669995,47134.0,116580.0,1271.0,2778709.0,39674.0,-10.7768,-53.06805,BR,BRA,Brazil,,
38225,59337088,08/26/2020,3717156,47161.0,117665.0,1085.0,2908848.0,130139.0,-10.7768,-53.06805,BR,BRA,Brazil,,
38226,59635844,08/27/2020,3761391,44235.0,118649.0,984.0,2947250.0,38402.0,-10.7768,-53.06805,BR,BRA,Brazil,,
38227,59995131,08/28/2020,3804803,43412.0,119504.0,855.0,2976796.0,29546.0,-10.7768,-53.06805,BR,BRA,Brazil,,
38228,60316144,08/29/2020,3846153,41350.0,120262.0,758.0,2976796.0,0.0,-10.7768,-53.06805,BR,BRA,Brazil,,
38229,60671316,08/30/2020,3862311,16158.0,120828.0,566.0,3031559.0,54763.0,-10.7768,-53.06805,BR,BRA,Brazil,,
38230,60987684,08/31/2020,3908272,45961.0,121381.0,553.0,3097734.0,66175.0,-10.7768,-53.06805,BR,BRA,Brazil,,
38231,61300111,09/01/2020,3950931,42659.0,122596.0,1215.0,3159096.0,61362.0,-10.7768,-53.06805,BR,BRA,Brazil,,
38232,61557022,09/02/2020,3997865,46934.0,123780.0,1184.0,3210405.0,51309.0,-10.7768,-53.06805,BR,BRA,Brazil,,
38233,61881340,09/03/2020,4041638,43773.0,124614.0,834.0,3247610.0,37205.0,-10.7768,-53.06805,BR,BRA,Brazil,,
38234,61881351,09/04/2020,4091801,50163.0,125502.0,888.0,3278243.0,30633.0,-10.7768,-53.06805,BR,BRA,Brazil,,
38235,62307056,09/05/2020,4123000,31199.0,126203.0,701.0,3278918.0,675.0,-10.7768,-53.06805,BR,BRA,Brazil,,
38236,62694999,09/06/2020,4137521,14521.0,126650.0,447.0,3317227.0,38309.0,-10.7768,-53.06805,BR,BRA,Brazil,,
38237,63070118,09/07/2020,4147794,10273.0,126960.0,310.0,3355564.0,38337.0,-10.7768,-53.06805,BR,BRA,Brazil,,
38238,63411586,09/08/2020,4162073,14279.0,127464.0,504.0,3397234.0,41670.0,-10.7768,-53.06805,BR,BRA,Brazil,,
38239,63707933,09/09/2020,4197889,35816.0,128539.0,1075.0,3397234.0,0.0,-10.7768,-53.06805,BR,BRA,Brazil,,
38240,64103187,09/10/2020,4238446,40557.0,129522.0,983.0,3453336.0,56102.0,-10.7768,-53.06805,BR,BRA,Brazil,,
38241,64419979,09/11/2020,4282164,43718.0,130396.0,874.0,3530655.0,77319.0,-10.7768,-53.06805,BR,BRA,Brazil,,
38242,64825223,09/12/2020,4315687,33523.0,131210.0,814.0,3553421.0,22766.0,-10.7768,-53.06805,BR,BRA,Brazil,,
38243,65213971,09/13/2020,4330455,14768.0,131625.0,415.0,3573958.0,20537.0,-10.7768,-53.06805,BR,BRA,Brazil,,
38244,65610413,09/14/2020,4345610,15155.0,132006.0,381.0,3613184.0,39226.0,-10.7768,-53.06805,BR,BRA,Brazil,,
38245,66004209,09/15/2020,4382263,36653.0,133119.0,1113.0,3671128.0,57944.0,-10.7768,-53.06805,BR,BRA,Brazil,,
38246,66004213,09/16/2020,4419083,36820.0,134106.0,987.0,3671128.0,0.0,-10.7768,-53.06805,BR,BRA,Brazil,,
38247,66766968,09/17/2020,4455386,36303.0,134935.0,829.0,3753082.0,81954.0,-10.7768,-53.06805,BR,BRA,Brazil,,
38248,67160404,09/18/2020,4495183,39797.0,135793.0,858.0,3789139.0,36057.0,-10.7768,-53.06805,BR,BRA,Brazil,,
38249,67555480,09/19/2020,4528240,33057.0,136532.0,739.0,3789139.0,0.0,-10.7768,-53.06805,BR,BRA,Brazil,,
38250,67946818,09/20/2020,4544629,16389.0,136895.0,363.0,3820095.0,30956.0,-10.7768,-53.06805,BR,BRA,Brazil,,
38251,68247282,09/21/2020,4558068,13439.0,137272.0,377.0,3887199.0,67104.0,-10.7768,-53.06805,BR,BRA,Brazil,,
38252,68649190,09/22/2020,4591604,33536.0,138108.0,836.0,3887199.0,0.0,-10.7768,-53.06805,BR,BRA,Brazil,,
38253,68649193,09/23/2020,4624885,33281.0,138977.0,869.0,3945627.0,58428.0,-10.7768,-53.06805,BR,BRA,Brazil,,
38254,69414378,09/24/2020,4657702,32817.0,139808.0,831.0,4023789.0,78162.0,-10.7768,-53.06805,BR,BRA,Brazil,,
38255,69814570,09/25/2020,4689613,31911.0,140537.0,729.0,4040949.0,17160.0,-10.7768,-53.06805,BR,BRA,Brazil,,
38256,70213754,09/26/2020,4717991,28378.0,141406.0,869.0,4050837.0,9888.0,-10.7768,-53.06805,BR,BRA,Brazil,,
38257,70612808,09/27/2020,4732309,14318.0,141741.0,335.0,4060088.0,9251.0,-10.7768,-53.06805,BR,BRA,Brazil,,
38258,70999366,09/28/2020,4745464,13155.0,142058.0,317.0,4084182.0,24094.0,-10.7768,-53.06805,BR,BRA,Brazil,,
38259,71409241,09/29/2020,4777522,32058.0,142921.0,863.0,4135088.0,50906.0,-10.7768,-53.06805,BR,BRA,Brazil,,
38260,71811430,09/30/2020,4810935,33413.0,143952.0,1031.0,4180376.0,45288.0,-10.7768,-53.06805,BR,BRA,Brazil,,
38261,71811431,10/01/2020,4847092,36157.0,144680.0,728.0,4180376.0,0.0,-10.7768,-53.06805,BR,BRA,Brazil,,
38262,72618718,10/02/2020,4880523,33431.0,145388.0,708.0,4232593.0,52217.0,-10.7768,-53.06805,BR,BRA,Brazil,,
38263,73012837,10/03/2020,4906833,26310.0,145987.0,599.0,4248574.0,15981.0,-10.7768,-53.06805,BR,BRA,Brazil,,
38264,73412959,10/04/2020,4915289,8456.0,146352.0,365.0,4263208.0,14634.0,-10.7768,-53.06805,BR,BRA,Brazil,,
38265,73813484,10/05/2020,4927235,11946.0,146675.0,323.0,4295302.0,32094.0,-10.7768,-53.06805,BR,BRA,Brazil,,
38266,74209142,10/06/2020,4969141,41906.0,147494.0,819.0,4352871.0,57569.0,-10.7768,-53.06805,BR,BRA,Brazil,,
38267,74553683,10/07/2020,5000694,31553.0,148228.0,734.0,4391424.0,38553.0,-10.7768,-53.06805,BR,BRA,Brazil,,
38268,74917898,10/08/2020,5028444,27750.0,148957.0,729.0,4414564.0,23140.0,-10.7768,-53.06805,BR,BRA,Brazil,,
38269,75258493,10/09/2020,5055888,27444.0,149639.0,682.0,4433595.0,19031.0,-10.7768,-53.06805,BR,BRA,Brazil,,
38270,75595012,10/10/2020,5082637,26749.0,150198.0,559.0,4453722.0,20127.0,-10.7768,-53.06805,BR,BRA,Brazil,,
38271,75969813,10/11/2020,5094979,12342.0,150488.0,290.0,4470163.0,16441.0,-10.7768,-53.06805,BR,BRA,Brazil,,
38272,75969815,10/12/2020,5103408,8429.0,150689.0,201.0,4495269.0,25106.0,-10.7768,-53.06805,BR,BRA,Brazil,,
38273,76652804,10/13/2020,5113628,10220.0,150998.0,309.0,4526975.0,31706.0,-10.7768,-53.06805,BR,BRA,Brazil,,
38274,76996092,10/14/2020,5140863,27235.0,151747.0,749.0,4568813.0,41838.0,-10.7768,-53.06805,BR,BRA,Brazil,,
38275,76996094,10/15/2020,5169386,28523.0,152460.0,713.0,4599446.0,30633.0,-10.7768,-53.06805,BR,BRA,Brazil,,
38276,77757889,10/16/2020,5200300,30914.0,153214.0,754.0,4619560.0,20114.0,-10.7768,-53.06805,BR,BRA,Brazil,,
38277,78081918,10/17/2020,5224362,24062.0,153675.0,461.0,4635315.0,15755.0,-10.7768,-53.06805,BR,BRA,Brazil,,
38278,78428567,10/18/2020,5235344,10982.0,153905.0,230.0,4650030.0,14715.0,-10.7768,-53.06805,BR,BRA,Brazil,,
38279,78752053,10/19/2020,5250727,15383.0,154176.0,271.0,4681659.0,31629.0,-10.7768,-53.06805,BR,BRA,Brazil,,
38280,79060687,10/20/2020,5273954,23227.0,154837.0,661.0,4721593.0,39934.0,-10.7768,-53.06805,BR,BRA,Brazil,,
38281,79406491,10/21/2020,5298772,24818.0,155403.0,566.0,4721593.0,0.0,-10.7768,-53.06805,BR,BRA,Brazil,,
38282,79712916,10/22/2020,5323630,24858.0,155900.0,497.0,4779295.0,57702.0,-10.7768,-53.06805,BR,BRA,Brazil,,
38283,79712935,10/23/2020,5353656,30026.0,156471.0,571.0,4797872.0,18577.0,-10.7768,-53.06805,BR,BRA,Brazil,,
38284,80465138,10/24/2020,5380635,26979.0,156903.0,432.0,4817898.0,20026.0,-10.7768,-53.06805,BR,BRA,Brazil,,
38285,80794437,10/25/2020,5394128,13493.0,157134.0,231.0,4835915.0,18017.0,-10.7768,-53.06805,BR,BRA,Brazil,,
38286,81080316,10/26/2020,5409854,15726.0,157397.0,263.0,4865930.0,30015.0,-10.7768,-53.06805,BR,BRA,Brazil,,
38287,81375904,10/27/2020,5439641,29787.0,157946.0,549.0,4904046.0,38116.0,-10.7768,-53.06805,BR,BRA,Brazil,,
38288,81684148,10/28/2020,5468270,28629.0,158456.0,510.0,4934548.0,30502.0,-10.7768,-53.06805,BR,BRA,Brazil,,
38289,82014908,10/29/2020,5494376,26106.0,158969.0,513.0,4934548.0,0.0,-10.7768,-53.06805,BR,BRA,Brazil,,
38290,82014911,10/30/2020,5516658,22282.0,159477.0,508.0,4966264.0,31716.0,-10.7768,-53.06805,BR,BRA,Brazil,,
38291,82014914,10/31/2020,5535605,18947.0,159884.0,407.0,4972898.0,6634.0,-10.7768,-53.06805,BR,BRA,Brazil,,
38292,82014917,11/01/2020,5545705,10100.0,160074.0,190.0,4980942.0,8044.0,-10.7768,-53.06805,BR,BRA,Brazil,,
38293,82014921,11/02/2020,5554206,8501.0,160253.0,179.0,4966403.0,-14539.0,-10.7768,-53.06805,BR,BRA,Brazil,,
38294,82014924,11/03/2020,5566049,11843.0,160496.0,243.0,5028216.0,61813.0,-10.7768,-53.06805,BR,BRA,Brazil,,
38295,82014927,11/04/2020,5590025,23976.0,161106.0,610.0,5028216.0,0.0,-10.7768,-53.06805,BR,BRA,Brazil,,
38296,82376292,11/05/2020,5614258,24233.0,161779.0,673.0,5064344.0,36128.0,-10.7768,-53.06805,BR,BRA,Brazil,,
38297,82703702,11/06/2020,5632505,18247.0,162035.0,256.0,5064344.0,0.0,-10.7768,-53.06805,BR,BRA,Brazil,,
38298,84547431,11/07/2020,5653561,21056.0,162269.0,234.0,5064344.0,0.0,-10.7768,-53.06805,BR,BRA,Brazil,,
38299,84845717,11/08/2020,5664115,10554.0,162397.0,128.0,5064344.0,0.0,-10.7768,-53.06805,BR,BRA,Brazil,,
38300,85278688,11/09/2020,5675032,10917.0,162628.0,231.0,5064344.0,0.0,-10.7768,-53.06805,BR,BRA,Brazil,,
38301,85774421,11/10/2020,5700044,25012.0,162829.0,201.0,5064344.0,0.0,-10.7768,-53.06805,BR,BRA,Brazil,,
38302,86096104,11/11/2020,5748375,48331.0,163373.0,544.0,5064344.0,0.0,-10.7768,-53.06805,BR,BRA,Brazil,,
38303,86358454,11/12/2020,5781582,33207.0,164281.0,908.0,5064344.0,0.0,-10.7768,-53.06805,BR,BRA,Brazil,,
38304,86741786,11/13/2020,5810652,29070.0,164737.0,456.0,5267567.0,203223.0,-10.7768,-53.06805,BR,BRA,Brazil,,
38305,87045362,11/14/2020,5848959,38307.0,165658.0,921.0,5291511.0,23944.0,-10.7768,-53.06805,BR,BRA,Brazil,,
38306,87045373,11/15/2020,5863093,14134.0,165798.0,140.0,5291511.0,0.0,-10.7768,-53.06805,BR,BRA,Brazil,,
38307,87636488,11/16/2020,5876464,13371.0,166014.0,216.0,5322466.0,30955.0,-10.7768,-53.06805,BR,BRA,Brazil,,
38308,87903706,11/17/2020,5911758,35294.0,166699.0,685.0,5361592.0,39126.0,-10.7768,-53.06805,BR,BRA,Brazil,,
38309,88178910,11/18/2020,5945849,34091.0,167455.0,756.0,5389863.0,28271.0,-10.7768,-53.06805,BR,BRA,Brazil,,
38310,88433962,11/19/2020,5981767,35918.0,168061.0,606.0,5407498.0,17635.0,-10.7768,-53.06805,BR,BRA,Brazil,,
38311,88433976,11/20/2020,6020164,38397.0,168613.0,552.0,5422102.0,14604.0,-10.7768,-53.06805,BR,BRA,Brazil,,
38312,88750745,11/21/2020,6052786,32622.0,168989.0,376.0,5429158.0,7056.0,-10.7768,-53.06805,BR,BRA,Brazil,,
38313,89048369,11/22/2020,6071401,18615.0,169183.0,194.0,5432505.0,3347.0,-10.7768,-53.06805,BR,BRA,Brazil,,
38314,89430374,11/23/2020,6087608,16207.0,169485.0,302.0,5445095.0,12590.0,-10.7768,-53.06805,BR,BRA,Brazil,,
38315,89755830,11/24/2020,6118708,31100.0,170115.0,630.0,5445095.0,0.0,-10.7768,-53.06805,BR,BRA,Brazil,,
38316,90060234,11/25/2020,6166606,47898.0,170769.0,654.0,5512847.0,67752.0,-10.7768,-53.06805,BR,BRA,Brazil,,
38317,90279481,11/26/2020,6204220,37614.0,171460.0,691.0,5528599.0,15752.0,-10.7768,-53.06805,BR,BRA,Brazil,,
38318,90648980,11/27/2020,6238350,34130.0,171974.0,514.0,5528599.0,0.0,-10.7768,-53.06805,BR,BRA,Brazil,,
38319,91002384,11/28/2020,6290272,51922.0,172561.0,587.0,5562539.0,33940.0,-10.7768,-53.06805,BR,BRA,Brazil,,
38320,91333198,11/29/2020,6314740,24468.0,172833.0,272.0,5578118.0,15579.0,-10.7768,-53.06805,BR,BRA,Brazil,,
38321,91680426,11/30/2020,6335878,21138.0,173120.0,287.0,5601804.0,23686.0,-10.7768,-53.06805,BR,BRA,Brazil,,
38322,92018601,12/01/2020,6386787,50909.0,173817.0,697.0,5656498.0,54694.0,-10.7768,-53.06805,BR,BRA,Brazil,,
38323,92427390,12/02/2020,6436650,49863.0,174515.0,698.0,5698353.0,41855.0,-10.7768,-53.06805,BR,BRA,Brazil,,
38324,92854518,12/03/2020,6487084,50434.0,175270.0,755.0,5698353.0,0.0,-10.7768,-53.06805,BR,BRA,Brazil,,
38325,93166472,12/04/2020,6533968,46884.0,175964.0,694.0,5744369.0,46016.0,-10.7768,-53.06805,BR,BRA,Brazil,,
38326,93166474,12/05/2020,6577177,43209.0,176628.0,664.0,5744369.0,0.0,-10.7768,-53.06805,BR,BRA,Brazil,,
38327,93166477,12/06/2020,6603540,26363.0,176941.0,313.0,5776182.0,31813.0,-10.7768,-53.06805,BR,BRA,Brazil,,
38328,94173312,12/07/2020,6623911,20371.0,177317.0,376.0,5801067.0,24885.0,-10.7768,-53.06805,BR,BRA,Brazil,,
38329,94557769,12/08/2020,6674999,51088.0,178159.0,842.0,5801067.0,0.0,-10.7768,-53.06805,BR,BRA,Brazil,,
38330,94859444,12/09/2020,6728452,53453.0,178995.0,836.0,5901511.0,100444.0,-10.7768,-53.06805,BR,BRA,Brazil,,
38331,95171811,12/10/2020,6781799,53347.0,179765.0,770.0,5931777.0,30266.0,-10.7768,-53.06805,BR,BRA,Brazil,,
38332,95536139,12/11/2020,6836227,54428.0,180437.0,672.0,5954745.0,22968.0,-10.7768,-53.06805,BR,BRA,Brazil,,
38333,95855867,12/12/2020,6880127,43900.0,181123.0,686.0,5954745.0,0.0,-10.7768,-53.06805,BR,BRA,Brazil,,
38334,95855892,12/13/2020,6901952,21825.0,181402.0,279.0,5982953.0,28208.0,-10.7768,-53.06805,BR,BRA,Brazil,,
38335,96227546,12/14/2020,6927145,25193.0,181835.0,433.0,5982953.0,0.0,-10.7768,-53.06805,BR,BRA,Brazil,,
38336,96875607,12/15/2020,6970034,42889.0,182799.0,964.0,6016085.0,33132.0,-10.7768,-53.06805,BR,BRA,Brazil,,
38337,97212174,12/16/2020,7040608,70574.0,183735.0,936.0,6067862.0,51777.0,-10.7768,-53.06805,BR,BRA,Brazil,,
38338,97559154,12/17/2020,7110434,69826.0,184827.0,1092.0,6177702.0,109840.0,-10.7768,-53.06805,BR,BRA,Brazil,,
38339,97559158,12/18/2020,7162978,52544.0,185650.0,823.0,6177702.0,0.0,-10.7768,-53.06805,BR,BRA,Brazil,,
38340,97931775,12/19/2020,7213155,50177.0,186356.0,706.0,6222764.0,45062.0,-10.7768,-53.06805,BR,BRA,Brazil,,
38341,97931794,12/20/2020,7238600,25445.0,186764.0,408.0,6222764.0,0.0,-10.7768,-53.06805,BR,BRA,Brazil,,
38342,98993010,12/21/2020,7263619,25019.0,187291.0,527.0,6245801.0,23037.0,-10.7768,-53.06805,BR,BRA,Brazil,,
38343,99361197,12/22/2020,7318821,55202.0,188259.0,968.0,6354972.0,109171.0,-10.7768,-53.06805,BR,BRA,Brazil,,
38344,99710495,12/23/2020,7365517,46696.0,189220.0,961.0,6354972.0,0.0,-10.7768,-53.06805,BR,BRA,Brazil,,
38345,100087321,12/24/2020,7423945,58428.0,189982.0,762.0,6448740.0,93768.0,-10.7768,-53.06805,BR,BRA,Brazil,,
38346,100087338,12/25/2020,7448560,24615.0,190488.0,506.0,6459335.0,10595.0,-10.7768,-53.06805,BR,BRA,Brazil,,
38347,100502448,12/26/2020,7465806,17246.0,190795.0,307.0,6475466.0,16131.0,-10.7768,-53.06805,BR,BRA,Brazil,,
38348,101238120,12/27/2020,7484285,18479.0,191139.0,344.0,6515370.0,39904.0,-10.7768,-53.06805,BR,BRA,Brazil,,
38349,101238125,12/28/2020,7504833,20548.0,191570.0,431.0,6568898.0,53528.0,-10.7768,-53.06805,BR,BRA,Brazil,,
38350,101761024,12/29/2020,7563551,58718.0,192681.0,1111.0,6647538.0,78640.0,-10.7768,-53.06805,BR,BRA,Brazil,,
38351,102053481,12/30/2020,7619200,55649.0,193875.0,1194.0,6707781.0,60243.0,-10.7768,-53.06805,BR,BRA,Brazil,,
38352,102484592,12/31/2020,7675973,56773.0,194949.0,1074.0,6707781.0,0.0,-10.7768,-53.06805,BR,BRA,Brazil,,
38353,102859081,01/01/2021,7700578,24605.0,195411.0,462.0,6756284.0,48503.0,-10.7768,-53.06805,BR,BRA,Brazil,,
38354,103571352,01/02/2021,7716405,15827.0,195725.0,314.0,6756284.0,0.0,-10.7768,-53.06805,BR,BRA,Brazil,,
38355,103895803,01/03/2021,7733746,17341.0,196018.0,293.0,6813008.0,56724.0,-10.7768,-53.06805,BR,BRA,Brazil,,
38356,103895807,01/04/2021,7753752,20006.0,196561.0,543.0,6875230.0,62222.0,-10.7768,-53.06805,BR,BRA,Brazil,,
38357,104625791,01/05/2021,7810400,56648.0,197732.0,1171.0,6875230.0,0.0,-10.7768,-53.06805,BR,BRA,Brazil,,
38358,104625795,01/06/2021,7873830,63430.0,198974.0,1242.0,6963407.0,88177.0,-10.7768,-53.06805,BR,BRA,Brazil,,
38359,105377182,01/07/2021,7961673,87843.0,200498.0,1524.0,7036530.0,73123.0,-10.7768,-53.06805,BR,BRA,Brazil,,
38360,105764863,01/08/2021,8013708,52035.0,201460.0,962.0,7096931.0,60401.0,-10.7768,-53.06805,BR,BRA,Brazil,,
38361,106177630,01/09/2021,8075998,62290.0,202631.0,1171.0,7144011.0,47080.0,-10.7768,-53.06805,BR,BRA,Brazil,,
38362,106219892,01/10/2021,8105790,29792.0,203100.0,469.0,7167651.0,23640.0,-10.7768,-53.06805,BR,BRA,Brazil,,
38363,106809123,01/11/2021,8131612,25822.0,203580.0,480.0,7207483.0,39832.0,-10.7768,-53.06805,BR,BRA,Brazil,,
38364,107034373,01/12/2021,8195637,64025.0,204690.0,1110.0,7207483.0,0.0,-10.7768,-53.06805,BR,BRA,Brazil,,
38365,107708340,01/13/2021,8256536,60899.0,205964.0,1274.0,7273707.0,66224.0,-10.7768,-53.06805,BR,BRA,Brazil,,
38366,108056137,01/14/2021,8324294,67758.0,207095.0,1131.0,7277195.0,3488.0,-10.7768,-53.06805,BR,BRA,Brazil,,
38367,108407849,01/15/2021,8393492,69198.0,208246.0,1151.0,7339703.0,62508.0,-10.7768,-53.06805,BR,BRA,Brazil,,
38368,108407854,01/16/2021,8455059,61567.0,209296.0,1050.0,7388784.0,49081.0,-10.7768,-53.06805,BR,BRA,Brazil,,
38369,109049113,01/17/2021,8488099,33040.0,209847.0,551.0,7388784.0,0.0,-10.7768,-53.06805,BR,BRA,Brazil,,
38370,109389336,01/18/2021,8511770,23671.0,210299.0,452.0,7411654.0,22870.0,-10.7768,-53.06805,BR,BRA,Brazil,,
38371,109389339,01/19/2021,8573864,62094.0,211491.0,1192.0,7518846.0,107192.0,-10.7768,-53.06805,BR,BRA,Brazil,,
38372,110117336,01/20/2021,8638249,64385.0,212831.0,1340.0,7518846.0,0.0,-10.7768,-53.06805,BR,BRA,Brazil,,
38373,110117342,01/21/2021,8697368,59119.0,214147.0,1316.0,7518846.0,0.0,-10.7768,-53.06805,BR,BRA,Brazil,,
38374,110752633,01/22/2021,8753920,56552.0,215243.0,1096.0,7580741.0,61895.0,-10.7768,-53.06805,BR,BRA,Brazil,,
38375,110752652,01/23/2021,8816254,62334.0,216445.0,1202.0,7628438.0,47697.0,-10.7768,-53.06805,BR,BRA,Brazil,,
38376,111375975,01/24/2021,8844577,28323.0,217037.0,592.0,7628438.0,0.0,-10.7768,-53.06805,BR,BRA,Brazil,,
38377,111700766,01/25/2021,8871393,26816.0,217664.0,627.0,7653770.0,25332.0,-10.7768,-53.06805,BR,BRA,Brazil,,
38378,112004612,01/26/2021,8933356,61963.0,218878.0,1214.0,7798655.0,144885.0,-10.7768,-53.06805,BR,BRA,Brazil,,
38379,112004621,01/27/2021,8996876,63520.0,220161.0,1283.0,7798655.0,0.0,-10.7768,-53.06805,BR,BRA,Brazil,,
38380,112341010,01/28/2021,9058687,61811.0,221547.0,1386.0,7923794.0,125139.0,-10.7768,-53.06805,BR,BRA,Brazil,,
38381,112938621,01/29/2021,9118513,59826.0,222666.0,1119.0,7923794.0,0.0,-10.7768,-53.06805,BR,BRA,Brazil,,
38382,112938637,01/30/2021,9176975,58462.0,223945.0,1279.0,7998246.0,74452.0,-10.7768,-53.06805,BR,BRA,Brazil,,
38383,113286529,01/31/2021,9204731,27756.0,224504.0,559.0,8027042.0,28796.0,-10.7768,-53.06805,BR,BRA,Brazil,,
38384,113286575,02/01/2021,9229322,24591.0,225099.0,595.0,8077967.0,50925.0,-10.7768,-53.06805,BR,BRA,Brazil,,
38385,113965252,02/02/2021,9283418,54096.0,226309.0,1210.0,8077967.0,0.0,-10.7768,-53.06805,BR,BRA,Brazil,,
38386,114293494,02/03/2021,9339420,56002.0,227563.0,1254.0,8160929.0,82962.0,-10.7768,-53.06805,BR,BRA,Brazil,,
38387,114530133,02/04/2021,9396293,56873.0,228795.0,1232.0,8236864.0,75935.0,-10.7768,-53.06805,BR,BRA,Brazil,,
38388,114855384,02/05/2021,9447165,50872.0,230034.0,1239.0,8291763.0,54899.0,-10.7768,-53.06805,BR,BRA,Brazil,,
38389,115545445,02/06/2021,9497795,50630.0,231012.0,978.0,8363677.0,71914.0,-10.7768,-53.06805,BR,BRA,Brazil,,
38390,115545448,02/07/2021,9524640,26845.0,231534.0,522.0,8397187.0,33510.0,-10.7768,-53.06805,BR,BRA,Brazil,,
38391,116810332,02/08/2021,9548079,23439.0,232170.0,636.0,8447645.0,50458.0,-10.7768,-53.06805,BR,BRA,Brazil,,
38392,117418446,02/09/2021,9599565,51486.0,233520.0,1350.0,8447645.0,0.0,-10.7768,-53.06805,BR,BRA,Brazil,,
38393,117418452,02/10/2021,9659167,59602.0,234850.0,1330.0,8523462.0,75817.0,-10.7768,-53.06805,BR,BRA,Brazil,,
38394,118028235,02/11/2021,9713909,54742.0,236201.0,1351.0,8596130.0,72668.0,-10.7768,-53.06805,BR,BRA,Brazil,,
38395,118655923,02/12/2021,9765455,51546.0,237489.0,1288.0,8643693.0,47563.0,-10.7768,-53.06805,BR,BRA,Brazil,,
38396,118655924,02/13/2021,9809754,44299.0,238532.0,1043.0,8678327.0,34634.0,-10.7768,-53.06805,BR,BRA,Brazil,,
38397,118991584,02/14/2021,9834513,24759.0,239245.0,713.0,8745424.0,67097.0,-10.7768,-53.06805,BR,BRA,Brazil,,
38398,119168175,02/15/2021,9866710,32197.0,239773.0,528.0,8805239.0,59815.0,-10.7768,-53.06805,BR,BRA,Brazil,,
38399,119339610,02/16/2021,9921981,55271.0,240940.0,1167.0,8805239.0,0.0,-10.7768,-53.06805,BR,BRA,Brazil,,
38400,119512232,02/17/2021,9978747,56766.0,242090.0,1150.0,8950450.0,145211.0,-10.7768,-53.06805,BR,BRA,Brazil,,
38401,119685330,02/18/2021,10030626,51879.0,243457.0,1367.0,8995246.0,44796.0,-10.7768,-53.06805,BR,BRA,Brazil,,
38402,119685331,02/19/2021,10081676,51050.0,244765.0,1308.0,8995246.0,0.0,-10.7768,-53.06805,BR,BRA,Brazil,,
38403,120026430,02/20/2021,10139148,57472.0,245977.0,1212.0,9029159.0,33913.0,-10.7768,-53.06805,BR,BRA,Brazil,,
38404,120026431,02/21/2021,10168174,29026.0,246504.0,527.0,9067939.0,38780.0,-10.7768,-53.06805,BR,BRA,Brazil,,
38405,120381295,02/22/2021,10195160,26986.0,247143.0,639.0,9095483.0,27544.0,-10.7768,-53.06805,BR,BRA,Brazil,,
38406,120547297,02/23/2021,10257875,62715.0,248529.0,1386.0,9215164.0,119681.0,-10.7768,-53.06805,BR,BRA,Brazil,,
38407,120547300,02/24/2021,10324463,66588.0,249957.0,1428.0,9215164.0,0.0,-10.7768,-53.06805,BR,BRA,Brazil,,
38408,120701487,02/25/2021,10390461,65998.0,251498.0,1541.0,9281018.0,65854.0,-10.7768,-53.06805,BR,BRA,Brazil,,
38409,120857187,02/26/2021,10455630,65169.0,252835.0,1337.0,9323696.0,42678.0,-10.7768,-53.06805,BR,BRA,Brazil,,
38410,121198138,02/27/2021,10517232,61602.0,254221.0,1386.0,9386440.0,62744.0,-10.7768,-53.06805,BR,BRA,Brazil,,
38411,121362072,02/28/2021,10551259,34027.0,254942.0,721.0,9411033.0,24593.0,-10.7768,-53.06805,BR,BRA,Brazil,,
38412,121516330,03/01/2021,10587001,35742.0,255720.0,778.0,9411033.0,0.0,-10.7768,-53.06805,BR,BRA,Brazil,,
38413,121516333,03/02/2021,10646926,59925.0,257361.0,1641.0,9457100.0,46067.0,-10.7768,-53.06805,BR,BRA,Brazil,,
38414,121670999,03/03/2021,10718630,71704.0,259271.0,1910.0,9527173.0,70073.0,-10.7768,-53.06805,BR,BRA,Brazil,,
38415,121978989,03/04/2021,10793732,75102.0,260970.0,1699.0,9591590.0,64417.0,-10.7768,-53.06805,BR,BRA,Brazil,,
38416,121978993,03/05/2021,10869227,75495.0,262770.0,1800.0,9637020.0,45430.0,-10.7768,-53.06805,BR,BRA,Brazil,,
38417,122273051,03/06/2021,10938836,69609.0,264325.0,1555.0,9671410.0,34390.0,-10.7768,-53.06805,BR,BRA,Brazil,,
38418,122570242,03/07/2021,11019344,80508.0,265411.0,1086.0,9757178.0,85768.0,-10.7768,-53.06805,BR,BRA,Brazil,,
38419,122758901,03/08/2021,11051665,32321.0,266398.0,987.0,9757178.0,0.0,-10.7768,-53.06805,BR,BRA,Brazil,,
38420,122959328,03/09/2021,11122429,70764.0,268370.0,1972.0,9782320.0,25142.0,-10.7768,-53.06805,BR,BRA,Brazil,,
38421,122959329,03/10/2021,11202305,79876.0,270656.0,2286.0,9843218.0,60898.0,-10.7768,-53.06805,BR,BRA,Brazil,,
38422,123357657,03/11/2021,11277717,75412.0,272889.0,2233.0,9958566.0,115348.0,-10.7768,-53.06805,BR,BRA,Brazil,,
38423,123357661,03/12/2021,11363380,85663.0,275105.0,2216.0,9958566.0,0.0,-10.7768,-53.06805,BR,BRA,Brazil,,
38424,123494187,03/13/2021,11439558,76178.0,277102.0,1997.0,10000980.0,42414.0,-10.7768,-53.06805,BR,BRA,Brazil,,
38425,123729100,03/14/2021,11483370,43812.0,278229.0,1127.0,10036947.0,35967.0,-10.7768,-53.06805,BR,BRA,Brazil,,
38426,123729111,03/15/2021,11519609,36239.0,279286.0,1057.0,10063808.0,26861.0,-10.7768,-53.06805,BR,BRA,Brazil,,
38427,123863799,03/16/2021,11603535,83926.0,282127.0,2841.0,10111954.0,48146.0,-10.7768,-53.06805,BR,BRA,Brazil,,
38428,124005445,03/17/2021,11693838,90303.0,284775.0,2648.0,10204541.0,92587.0,-10.7768,-53.06805,BR,BRA,Brazil,,
38429,124005448,03/18/2021,11780820,86982.0,287499.0,2724.0,10287057.0,82516.0,-10.7768,-53.06805,BR,BRA,Brazil,,
38430,124005451,03/19/2021,11871390,90570.0,290314.0,2815.0,10339432.0,52375.0,-10.7768,-53.06805,BR,BRA,Brazil,,
38431,124005454,03/20/2021,11950459,79069.0,292752.0,2438.0,10383460.0,44028.0,-10.7768,-53.06805,BR,BRA,Brazil,,
38432,124005457,03/21/2021,11998233,47774.0,294042.0,1290.0,10419393.0,35933.0,-10.7768,-53.06805,BR,BRA,Brazil,,
38433,124005460,03/22/2021,12047526,49293.0,295425.0,1383.0,10449933.0,30540.0,-10.7768,-53.06805,BR,BRA,Brazil,,
38434,124072951,03/23/2021,12051619,4093.0,295685.0,260.0,10507995.0,58062.0,-10.7768,-53.06805,BR,BRA,Brazil,,
38435,124091102,03/24/2021,12136615,84996.0,298843.0,3158.0,10601658.0,93663.0,-10.7768,-53.06805,BR,BRA,Brazil,,
38436,124094236,03/25/2021,12227179,90564.0,301087.0,2244.0,10689646.0,87988.0,-10.7768,-53.06805,BR,BRA,Brazil,,
38437,124195418,03/30/2021,12664058,87376.0,317936.0,3370.0,11074483.0,76967.0,-10.7768,-53.06805,BR,BRA,Brazil,,
38438,124324969,03/31/2021,12839844,175786.0,317936.0,0.0,11074483.0,0.0,-10.7768,-53.06805,BR,BRA,Brazil,,
38439,125464973,04/01/2021,12910082,70238.0,325284.0,7348.0,11239099.0,164616.0,-10.7768,-53.06805,BR,BRA,Brazil,,
38440,125722456,04/02/2021,12953597,43515.0,328206.0,2922.0,11239099.0,0.0,-10.7768,-53.06805,BR,BRA,Brazil,,
38441,125959612,04/03/2021,12984956,31359.0,330193.0,1987.0,11276628.0,37529.0,-10.7768,-53.06805,BR,BRA,Brazil,,
38442,126209070,04/04/2021,13013601,28645.0,331433.0,1240.0,11305746.0,29118.0,-10.7768,-53.06805,BR,BRA,Brazil,,
38443,126445127,04/05/2021,13100580,86979.0,332752.0,1319.0,11357521.0,51775.0,-10.7768,-53.06805,BR,BRA,Brazil,,
38444,126682932,04/06/2021,13193205,92625.0,336947.0,4195.0,11436189.0,78668.0,-10.7768,-53.06805,BR,BRA,Brazil,,
38445,126682933,04/07/2021,13279857,86652.0,340776.0,3829.0,11558784.0,122595.0,-10.7768,-53.06805,BR,BRA,Brazil,,
38446,127168068,04/08/2021,13373174,93317.0,345025.0,4249.0,11664158.0,105374.0,-10.7768,-53.06805,BR,BRA,Brazil,,
38447,127424811,04/09/2021,13445006,71832.0,348718.0,3693.0,11732193.0,68035.0,-10.7768,-53.06805,BR,BRA,Brazil,,
38448,127673065,04/10/2021,13482023,37017.0,351334.0,2616.0,11838564.0,106371.0,-10.7768,-53.06805,BR,BRA,Brazil,,
38449,127909927,04/11/2021,13517808,35785.0,353137.0,1803.0,11880803.0,42239.0,-10.7768,-53.06805,BR,BRA,Brazil,,
38450,128131244,04/12/2021,13599994,82186.0,354617.0,1480.0,11957068.0,76265.0,-10.7768,-53.06805,BR,BRA,Brazil,,
38451,128409069,04/13/2021,13673507,73513.0,358425.0,3808.0,11957068.0,0.0,-10.7768,-53.06805,BR,BRA,Brazil,,
38452,128692457,04/14/2021,13746681,73174.0,361884.0,3459.0,12170771.0,213703.0,-10.7768,-53.06805,BR,BRA,Brazil,,
38453,128946296,04/15/2021,13832455,85774.0,365444.0,3560.0,12236295.0,65524.0,-10.7768,-53.06805,BR,BRA,Brazil,,
38454,128946297,04/16/2021,13900091,67636.0,368749.0,3305.0,12236295.0,0.0,-10.7768,-53.06805,BR,BRA,Brazil,,
38455,129463417,04/17/2021,13943071,42980.0,371678.0,2929.0,12344861.0,108566.0,-10.7768,-53.06805,BR,BRA,Brazil,,
38456,129723933,04/18/2021,13973695,30624.0,373335.0,1657.0,12391599.0,46738.0,-10.7768,-53.06805,BR,BRA,Brazil,,
38457,129982613,04/19/2021,14043076,69381.0,374682.0,1347.0,12391599.0,0.0,-10.7768,-53.06805,BR,BRA,Brazil,,
38458,130252773,04/20/2021,14122795,79719.0,378003.0,3321.0,12561689.0,170090.0,-10.7768,-53.06805,BR,BRA,Brazil,,
38459,130511157,04/21/2021,14167973,45178.0,381475.0,3472.0,12561689.0,0.0,-10.7768,-53.06805,BR,BRA,Brazil,,
38460,130759368,04/22/2021,14237078,69105.0,383502.0,2027.0,12646132.0,84443.0,-10.7768,-53.06805,BR,BRA,Brazil,,
38461,131026839,04/23/2021,14308215,71137.0,386416.0,2914.0,12673785.0,27653.0,-10.7768,-53.06805,BR,BRA,Brazil,,
38462,131026840,04/24/2021,14340787,32572.0,389492.0,3076.0,12766772.0,92987.0,-10.7768,-53.06805,BR,BRA,Brazil,,
38463,131299167,04/25/2021,14369423,28636.0,390797.0,1305.0,12766772.0,0.0,-10.7768,-53.06805,BR,BRA,Brazil,,
38464,131808346,04/26/2021,14441563,72140.0,391936.0,1139.0,12879051.0,112279.0,-10.7768,-53.06805,BR,BRA,Brazil,,
38465,132073615,04/27/2021,14521289,79726.0,395022.0,3086.0,12992442.0,113391.0,-10.7768,-53.06805,BR,BRA,Brazil,,
38466,132326006,04/28/2021,14590678,69389.0,398185.0,3163.0,12992442.0,0.0,-10.7768,-53.06805,BR,BRA,Brazil,,
38467,132562152,04/29/2021,14659011,68333.0,401186.0,3001.0,13152118.0,159676.0,-10.7768,-53.06805,BR,BRA,Brazil,,
38468,132779704,04/30/2021,14725975,66964.0,403781.0,2595.0,13194538.0,42420.0,-10.7768,-53.06805,BR,BRA,Brazil,,
38469,133035628,05/01/2021,14754910,28935.0,406437.0,2656.0,13194538.0,0.0,-10.7768,-53.06805,BR,BRA,Brazil,,
38470,133035629,05/02/2021,14779529,24619.0,407639.0,1202.0,13242665.0,48127.0,-10.7768,-53.06805,BR,BRA,Brazil,,
38471,133536240,05/03/2021,14856888,77359.0,408622.0,983.0,13336476.0,93811.0,-10.7768,-53.06805,BR,BRA,Brazil,,
38472,133774478,05/04/2021,14930183,73295.0,411588.0,2966.0,13442996.0,106520.0,-10.7768,-53.06805,BR,BRA,Brazil,,
38473,134020568,05/05/2021,15003563,73380.0,414399.0,2811.0,13442996.0,0.0,-10.7768,-53.06805,BR,BRA,Brazil,,
38474,134020570,05/06/2021,15082449,78886.0,416949.0,2550.0,13529572.0,86576.0,-10.7768,-53.06805,BR,BRA,Brazil,,
38475,134352589,05/07/2021,15145879,63430.0,419114.0,2165.0,13529572.0,0.0,-10.7768,-53.06805,BR,BRA,Brazil,,
38476,134423379,05/08/2021,15184790,38911.0,421316.0,2202.0,13677668.0,148096.0,-10.7768,-53.06805,BR,BRA,Brazil,,
38477,134766610,05/09/2021,15209990,25200.0,422340.0,1024.0,13677668.0,0.0,-10.7768,-53.06805,BR,BRA,Brazil,,
38478,135024914,05/10/2021,15282705,72715.0,423229.0,889.0,13759125.0,81457.0,-10.7768,-53.06805,BR,BRA,Brazil,,
38479,135278148,05/11/2021,15359397,76692.0,425540.0,2311.0,13847191.0,88066.0,-10.7768,-53.06805,BR,BRA,Brazil,,
38480,135523335,05/12/2021,15433989,74592.0,428034.0,2494.0,13847191.0,0.0,-10.7768,-53.06805,BR,BRA,Brazil,,
38481,135767325,05/13/2021,15519525,85536.0,430417.0,2383.0,13924217.0,77026.0,-10.7768,-53.06805,BR,BRA,Brazil,,
38482,136049651,05/14/2021,15586534,67009.0,432628.0,2211.0,13979329.0,55112.0,-10.7768,-53.06805,BR,BRA,Brazil,,
38483,136284303,05/15/2021,15627475,40941.0,434715.0,2087.0,13979329.0,0.0,-10.7768,-53.06805,BR,BRA,Brazil,,
38484,136516202,05/16/2021,15657391,29916.0,435751.0,1036.0,14097287.0,117958.0,-10.7768,-53.06805,BR,BRA,Brazil,,
38485,136753299,05/17/2021,15732836,75445.0,436537.0,786.0,14097287.0,0.0,-10.7768,-53.06805,BR,BRA,Brazil,,
38486,136979854,05/18/2021,15812055,79219.0,439050.0,2513.0,14152433.0,55146.0,-10.7768,-53.06805,BR,BRA,Brazil,,
38487,137221843,05/19/2021,15894094,82039.0,441691.0,2641.0,14152433.0,0.0,-10.7768,-53.06805,BR,BRA,Brazil,,
38488,137456498,05/20/2021,15970949,76855.0,444094.0,2403.0,14330118.0,177685.0,-10.7768,-53.06805,BR,BRA,Brazil,,
38489,137714293,05/21/2021,16047439,76490.0,446309.0,2215.0,14385962.0,55844.0,-10.7768,-53.06805,BR,BRA,Brazil,,
38490,137961413,05/22/2021,16083258,35819.0,448208.0,1899.0,14422209.0,36247.0,-10.7768,-53.06805,BR,BRA,Brazil,,
38491,138185032,05/23/2021,16120756,37498.0,449068.0,860.0,14462432.0,40223.0,-10.7768,-53.06805,BR,BRA,Brazil,,
38492,138404620,05/24/2021,16194209,73453.0,449858.0,790.0,14492167.0,29735.0,-10.7768,-53.06805,BR,BRA,Brazil,,
38493,138617036,05/25/2021,16274695,80486.0,452031.0,2173.0,14552024.0,59857.0,-10.7768,-53.06805,BR,BRA,Brazil,,
38494,138866350,05/26/2021,16342162,67467.0,454429.0,2398.0,14648332.0,96308.0,-10.7768,-53.06805,BR,BRA,Brazil,,
38495,139065971,05/27/2021,16391930,49768.0,456674.0,2245.0,14786292.0,137960.0,-10.7768,-53.06805,BR,BRA,Brazil,,
38496,139279399,05/28/2021,16471600,79670.0,459045.0,2371.0,14786292.0,0.0,-10.7768,-53.06805,BR,BRA,Brazil,,
38497,139472367,05/29/2021,16515120,43520.0,461057.0,2012.0,14811266.0,24974.0,-10.7768,-53.06805,BR,BRA,Brazil,,
38498,139711414,05/30/2021,16545554,30434.0,461931.0,874.0,14869696.0,58430.0,-10.7768,-53.06805,BR,BRA,Brazil,,
38499,139920256,05/31/2021,16624480,78926.0,462791.0,860.0,14912744.0,43048.0,-10.7768,-53.06805,BR,BRA,Brazil,,
38500,140111956,06/01/2021,16720081,95601.0,465199.0,2408.0,14964631.0,51887.0,-10.7768,-53.06805,BR,BRA,Brazil,,
38501,140368029,06/02/2021,16803472,83391.0,467706.0,2507.0,15168330.0,203699.0,-10.7768,-53.06805,BR,BRA,Brazil,,
38502,140368040,06/03/2021,16841408,37936.0,469388.0,1682.0,15168330.0,0.0,-10.7768,-53.06805,BR,BRA,Brazil,,
38503,140589221,06/04/2021,16907425,66017.0,470842.0,1454.0,15228983.0,60653.0,-10.7768,-53.06805,BR,BRA,Brazil,,
38504,141007097,06/05/2021,16947062,39637.0,472531.0,1689.0,15290500.0,61517.0,-10.7768,-53.06805,BR,BRA,Brazil,,
38505,141220598,06/06/2021,16984218,37156.0,473404.0,873.0,15342286.0,51786.0,-10.7768,-53.06805,BR,BRA,Brazil,,
38506,141434776,06/07/2021,17037129,52911.0,474414.0,1010.0,15342286.0,0.0,-10.7768,-53.06805,BR,BRA,Brazil,,
38507,141685027,06/08/2021,17122877,85748.0,476792.0,2378.0,15408401.0,66115.0,-10.7768,-53.06805,BR,BRA,Brazil,,
38508,141896813,06/09/2021,17210969,88092.0,479515.0,2723.0,15494071.0,85670.0,-10.7768,-53.06805,BR,BRA,Brazil,,
38509,142110813,06/10/2021,17296118,85149.0,482019.0,2504.0,15596816.0,102745.0,-10.7768,-53.06805,BR,BRA,Brazil,,
38510,142328294,06/11/2021,17374818,78700.0,484235.0,2216.0,15670754.0,73938.0,-10.7768,-53.06805,BR,BRA,Brazil,,
38511,142536835,06/12/2021,17412766,37948.0,486272.0,2037.0,15761177.0,90423.0,-10.7768,-53.06805,BR,BRA,Brazil,,
38512,142741802,06/13/2021,17452612,39846.0,487401.0,1129.0,15761177.0,0.0,-10.7768,-53.06805,BR,BRA,Brazil,,
38513,142933043,06/14/2021,17533221,80609.0,488228.0,827.0,15794548.0,33371.0,-10.7768,-53.06805,BR,BRA,Brazil,,
38514,142933044,06/15/2021,17628588,95367.0,490696.0,2468.0,15854264.0,59716.0,-10.7768,-53.06805,BR,BRA,Brazil,,
38515,143314800,06/16/2021,17702630,74042.0,493693.0,2997.0,15854264.0,0.0,-10.7768,-53.06805,BR,BRA,Brazil,,
38516,143531748,06/17/2021,17801462,98832.0,496004.0,2311.0,16030601.0,176337.0,-10.7768,-53.06805,BR,BRA,Brazil,,
38517,143724360,06/18/2021,17883750,82288.0,498499.0,2495.0,16077483.0,46882.0,-10.7768,-53.06805,BR,BRA,Brazil,,
38518,143965195,06/19/2021,17927928,44178.0,500800.0,2301.0,16136968.0,59485.0,-10.7768,-53.06805,BR,BRA,Brazil,,
38519,144171393,06/20/2021,17966831,38903.0,501825.0,1025.0,16183849.0,46881.0,-10.7768,-53.06805,BR,BRA,Brazil,,
38520,144411022,06/21/2021,18054653,87822.0,502586.0,761.0,16220238.0,36389.0,-10.7768,-53.06805,BR,BRA,Brazil,,
38521,144635500,06/22/2021,18169881,115228.0,504717.0,2131.0,16220238.0,0.0,-10.7768,-53.06805,BR,BRA,Brazil,,
38522,144856748,06/23/2021,18243483,73602.0,507109.0,2392.0,16388847.0,168609.0,-10.7768,-53.06805,BR,BRA,Brazil,,
38523,145096457,06/24/2021,18322760,79277.0,509141.0,2032.0,16511701.0,122854.0,-10.7768,-53.06805,BR,BRA,Brazil,,
38524,145096458,06/25/2021,18386894,64134.0,511142.0,2001.0,16511701.0,0.0,-10.7768,-53.06805,BR,BRA,Brazil,,
38525,145326900,06/26/2021,18420598,33704.0,512735.0,1593.0,16582053.0,70352.0,-10.7768,-53.06805,BR,BRA,Brazil,,
38526,145737556,06/27/2021,18448402,27804.0,513474.0,739.0,16582053.0,0.0,-10.7768,-53.06805,BR,BRA,Brazil,,
38527,145939428,06/28/2021,18513305,64903.0,514092.0,618.0,16613992.0,31939.0,-10.7768,-53.06805,BR,BRA,Brazil,,
38528,146113555,06/29/2021,18557141,43836.0,515985.0,1893.0,16673329.0,59337.0,-10.7768,-53.06805,BR,BRA,Brazil,,
38529,146304722,06/30/2021,18622304,65163.0,518066.0,2081.0,16673329.0,0.0,-10.7768,-53.06805,BR,BRA,Brazil,,
38530,146489593,07/01/2021,18687469,65165.0,520095.0,2029.0,16858632.0,185303.0,-10.7768,-53.06805,BR,BRA,Brazil,,
38531,146489598,07/02/2021,18742025,54556.0,521952.0,1857.0,16931272.0,72640.0,-10.7768,-53.06805,BR,BRA,Brazil,,
38532,146908821,07/03/2021,18769808,27783.0,523587.0,1635.0,16989351.0,58079.0,-10.7768,-53.06805,BR,BRA,Brazil,,
38533,147177809,07/04/2021,18792511,22703.0,524417.0,830.0,17033808.0,44457.0,-10.7768,-53.06805,BR,BRA,Brazil,,
38534,147421445,07/05/2021,18855015,62504.0,525112.0,695.0,17151673.0,117865.0,-10.7768,-53.06805,BR,BRA,Brazil,,
38535,147421451,07/06/2021,18909037,54022.0,526892.0,1780.0,17151673.0,0.0,-10.7768,-53.06805,BR,BRA,Brazil,,
38536,147421454,07/07/2021,18962762,53725.0,528540.0,1648.0,17352670.0,200997.0,-10.7768,-53.06805,BR,BRA,Brazil,,
38537,147763428,07/08/2021,19020499,57737.0,530179.0,1639.0,17422854.0,70184.0,-10.7768,-53.06805,BR,BRA,Brazil,,
38538,148018799,07/09/2021,19069003,48504.0,531688.0,1509.0,17479277.0,56423.0,-10.7768,-53.06805,BR,BRA,Brazil,,
38539,148275329,07/10/2021,19089940,20937.0,532893.0,1205.0,17479277.0,0.0,-10.7768,-53.06805,BR,BRA,Brazil,,
38540,148522114,07/11/2021,19106971,17031.0,533488.0,595.0,17530369.0,51092.0,-10.7768,-53.06805,BR,BRA,Brazil,,
38541,148772606,07/12/2021,19151993,45022.0,534233.0,745.0,17588312.0,57943.0,-10.7768,-53.06805,BR,BRA,Brazil,,
38542,149032804,07/13/2021,19209729,57736.0,535838.0,1605.0,,,-10.7768,-53.06805,BR,BRA,Brazil,,
38543,149289681,07/14/2021,19262518,52789.0,537394.0,1556.0,17770617.0,,-10.7768,-53.06805,BR,BRA,Brazil,,
38544,149289686,07/15/2021,19308109,45591.0,538942.0,1548.0,17858633.0,88016.0,-10.7768,-53.06805,BR,BRA,Brazil,,
38545,149795454,07/16/2021,19342448,34339.0,540398.0,1456.0,17951699.0,93066.0,-10.7768,-53.06805,BR,BRA,Brazil,,
38546,150048554,07/17/2021,19376574,34126.0,541266.0,868.0,17983275.0,31576.0,-10.7768,-53.06805,BR,BRA,Brazil,,
38547,150283884,07/18/2021,19391845,15271.0,542214.0,948.0,18023512.0,40237.0,-10.7768,-53.06805,BR,BRA,Brazil,,
38548,150539451,07/19/2021,19419437,27592.0,542756.0,542.0,18067080.0,43568.0,-10.7768,-53.06805,BR,BRA,Brazil,,
38549,150750350,07/20/2021,19473954,54517.0,544180.0,1424.0,18124621.0,57541.0,-10.7768,-53.06805,BR,BRA,Brazil,,
38550,150917209,07/21/2021,19523711,49757.0,545604.0,1424.0,18206173.0,81552.0,-10.7768,-53.06805,BR,BRA,Brazil,,
38551,151108982,07/22/2021,19632443,108732.0,547016.0,1412.0,18259711.0,53538.0,-10.7768,-53.06805,BR,BRA,Brazil,,
38552,151297188,07/23/2021,19670534,38091.0,548340.0,1324.0,18331462.0,71751.0,-10.7768,-53.06805,BR,BRA,Brazil,,
38553,151489294,07/24/2021,19688663,18129.0,549448.0,1108.0,18340760.0,9298.0,-10.7768,-53.06805,BR,BRA,Brazil,,
38554,151489296,07/25/2021,19707662,18999.0,549924.0,476.0,18340760.0,0.0,-10.7768,-53.06805,BR,BRA,Brazil,,
38555,151489297,07/26/2021,19749073,41411.0,550502.0,578.0,18349436.0,8676.0,-10.7768,-53.06805,BR,BRA,Brazil,,
38556,151489298,07/27/2021,19797086,48013.0,551835.0,1333.0,18398567.0,49131.0,-10.7768,-53.06805,BR,BRA,Brazil,,
38557,151489299,07/28/2021,19839369,42283.0,553179.0,1344.0,18530306.0,131739.0,-10.7768,-53.06805,BR,BRA,Brazil,,
38558,151489301,07/29/2021,19880273,40904.0,554497.0,1318.0,18530306.0,0.0,-10.7768,-53.06805,BR,BRA,Brazil,,
38559,151489302,07/30/2021,19880273,0.0,555460.0,963.0,18569991.0,39685.0,-10.7768,-53.06805,BR,BRA,Brazil,,
